insert into knowledge_skills values ('1000000', 'Beginner Writing', 'Has basic knowledge and experience in writing.', 'beginner');
insert into knowledge_skills values ('1100000', 'Intermediate Writing', 'Has intermediate knowledge and experience in writing.', 'medium');
insert into knowledge_skills values ('1200000', 'Advanced Writing', 'Has advanced knowledge and experience in writing.', 'advanced');
insert into knowledge_skills values ('1300000', 'Journalism', 'Has experience as a journalist', null);
insert into knowledge_skills values ('1310000', 'Ad writing', 'Has experience with writing advertisements', null);
insert into knowledge_skills values ('1320000', 'Technical writing', 'Has experience with technical writing', null);
insert into knowledge_skills values ('2000000', 'Beginner Typing', 'Has basic knowledge and experience in typing.', 'beginner');
insert into knowledge_skills values ('2100000', 'Intermediate Typing', 'Has intermediate knowledge and experience in typing.', 'medium');
insert into knowledge_skills values ('2200000', 'Advanced Typing', 'Has advanced knowledge and experience in typing.', 'advanced');
insert into knowledge_skills values ('3000000', 'Programming I', 'Has basic experience with programming', 'beginner');
insert into knowledge_skills values ('3200000', 'Programming II', 'Has advanced experience with programming', 'advanced');
insert into knowledge_skills values ('3300000', 'Assembly Programming', 'Has skill with LC3 assembly language', null);
insert into knowledge_skills values ('3310000', 'Database Management', 'Has skill managing databases', null);
insert into knowledge_skills values('4100000', 'Intermediate Photography', 'Has solid skills in photography', 'medium');
insert into knowledge_skills values('4110000', 'Intermediate Photoshop', 'Has solid skills in Photoshop', 'medium');
insert into knowledge_skills values('4200000', 'Advanced Photography', 'Has advanced skills in photography', 'advanced');
insert into knowledge_skills values('4210000', 'Advanced Photoshop', 'Has advanced skill with Photoshop', 'advanced');
insert into knowledge_skills values('4300000', 'Portrait Photography', 'Has experience in portrait photography', null);
insert into knowledge_skills values('4310000', 'Landscape Photography', 'Has experience in landscape photography', null);
insert into knowledge_skills values('5000000', 'Computer Maintenance', 'Has experience fixing computers', null);
insert into knowledge_skills values('5100000', 'Computer Engineering', 'Has experience designing computers', null);
insert into knowledge_skills values('6000000', 'Beginner Marketing', 'Has beginner marketing skills','beginner');
insert into knowledge_skills values('6100000', 'Intermediate Marketing', 'Has intermediate marketing experience', 'medium');
insert into knowledge_skills values('6200000', 'Senior Marketing', 'Has advanced skills in marketing', 'advanced');
insert into knowledge_skills values('7300000', 'Electrical Engineering', 'Has experience with phone sales', null);
insert into knowledge_skills values('7310000', 'Mechanical Engineering', 'Has experience with online sales', null);
insert into knowledge_skills values('7320000', 'Chemical Engineering', 'Has retail experience', null);
insert into knowledge_skills values ('8000000', 'Political Science I', 'Has studied Political Science at an introductory level.', 'beginner');
insert into knowledge_skills values ('8100000', 'Political Science II', 'Has studied Political Science at an intermediate level.', 'medium');
insert into knowledge_skills values ('8270000', 'Political Science III', 'Has studied Political Science at an advanced level.', 'advanced');
insert into knowledge_skills values ('9000000', 'Economics I', 'Has studied Economics at an introductory level.', 'beginner');
insert into knowledge_skills values ('9100000', 'Economics II', 'Has studied Economics at an intermediate level.', 'medium');
insert into knowledge_skills values ('9200000', 'Economics III', 'Has studied Economics at an advanced level.', 'advanced');
insert into knowledge_skills values ('7700000', 'Business I', 'Has studied Business at an introductory level.', 'beginner');
insert into knowledge_skills values ('1110000', 'Business II', 'Has studied Business at an intermediate level.', 'medium');
insert into knowledge_skills values ('1120000', 'Business III', 'Has studied Business at an advanced level.', 'advanced');
insert into knowledge_skills values ('7770000', 'Graphic Design I', 'Has studied GD at an introductory level.', 'beginner');
insert into knowledge_skills values ('1210000', 'Graphic Design II', 'Has studied GD at an intermediate level.', 'medium');
insert into knowledge_skills values ('1220000', 'Graphic Design III', 'Has studied GD at an advanced level.', 'advanced');
insert into knowledge_skills values ('6666666', 'Impossible Skill', 'Has done the impossible.', 'advanced');


insert into course values ('1000000', 'Introduction to Writing', 'An intro writing course.', 'beginner', 'active', 300, '4');
insert into course values ('1100000', 'Writing and Composition', 'A course on writing and composition.', 'medium', 'active', 350, '4');
insert into course values ('1200000', 'Advanced Writing and Composition', 'An advanced course in writing and composition.', 'advanced', 'active', 400, '4');
insert into course values ('1300000', 'Writing for Business', 'A course on business writing.', 'medium', 'active', 400, '4');
insert into course values ('1310000', 'News writing', 'A course on news writing.', 'medium', 'active', 400, '4');
insert into course values ('1320000', 'Fiction writing', 'A fiction writing course.', 'medium', 'inactive', 400, '4');
insert into course values ('2000000', 'Computer Basics', 'A course on the basics of computing', 'beginner', 'active', 200, '4');
insert into course values ('2100000', 'Microsoft Office Suite', 'A course on the Microsoft Office suite', 'beginner', 'active', 300, '4');
insert into course values ('2200000', 'Advanced Office and Business Tools', 'An advanced course in Microsoft Office', 'advanced', 'active', 400, '4');
insert into course values ('2300000', 'Databases', 'A course on Database software', 'medium', 'active', 300, '4');
insert into course values ('8200000', 'Assembly', 'A course on Assembly language', 'medium', 'active', 250, '4');
insert into course values ('2010000', 'Typing Skills I', 'A course on typing skills', 'beginner', 'active', 200, '4');
insert into course values ('2020000', 'Typing Skills II', 'A intermediate course on typing skills', 'medium', 'active', 200, '4');
insert into course values ('3000000', 'Grammar I', 'A course on basic grammar', 'beginner', 'active', 200, '4');
insert into course values ('3100000', 'Advanced Grammar', 'A course on advanced grammar', 'advanced', 'active', 300, '4');
insert into course values ('3200000', 'Editing', 'A course on editing', 'beginner', 'active', 300, '4');
insert into course values ('3300000', 'Editing for Journalists', 'A course on journalistic editing', 'advanced', 'active', 400, '4');
insert into course values ('3310000', 'Editing for Business', 'A course on business editing', 'advanced', 'inactive', 400, '4');
insert into course values ('3320000', 'Copy Editing', 'A course on copy editing', 'medium', 'active', 300, '4');
insert into course values ('4000000', 'Photography I', 'An introductory course on photography', 'beginner', 'active', 350, '4');
insert into course values ('4100000', 'Photography II', 'An intermediate course on photography', 'medium', 'active', 450, '4');
insert into course values ('4200000', 'Photography III', 'An advanced course on photography', 'advanced', 'active', 500, '4');
insert into course values ('4010000', 'Photoshop I', 'A course on Photoshop.', 'beginner', 'active', 300, '4');
insert into course values ('4020000', 'Photoshop II', ' A course on special techniques in Photoshop', 'medium', 'active', 400, '4');
insert into course values ('4300000', 'Light and color', 'A course on the fundamentals of light and color in photography', 'advanced', 'active', 500, '4');
insert into course values ('4310000', 'Portraits and Landscapes', 'A course on landscape and portrait photography', 'advanced', 'inactive', 500, '4');
insert into course values ('4320000', 'Action Photography', 'A course on action photography', 'advanced', 'active', 500, '4');
insert into course values ('5000000', 'Chemical Engineering.', 'A  chemical engineering course', 'beginner', 'active', 300, '4');
insert into course values ('5100000', 'Mechanical Engineering', 'A mechanical engineering course', 'medium', 'active', 400, '4');
insert into course values ('5200000', 'Electrical Engineering', 'An electrical engineering course', 'advanced', 'active', 500, '4');
insert into course values ('6000000', 'Sales and Marketing I', 'An introductory course to sales and marketing', 'beginner', 'inactive', 300, '4');
insert into course values ('6100000', 'Sales and Marketing II', 'An intermediate course in sales and marketing', 'medium', 'active', 400, '4');
insert into course values ('6310000', 'Business Online', 'A special topics course on Online business', 'advanced', 'active', 500, '4');
insert into course values ('6320000', 'Advertising', 'A special topics course on Advertising', 'advanced', 'active', 500, '4');
insert into course values ('7300000', 'Phone Sales', 'A course on phone sales', 'advanced', 'active', 500, '4');
insert into course values ('7310000', 'Online Sales', 'A course on Online sales', 'advanced', 'active', 500, '4');
insert into course values ('7320000', 'Retail Sales', 'A course on retail sales', 'advanced', 'active', 500, '4');
insert into course values ('8000000', 'Political Science I', 'An introductory course on political science', 'beginner', 'active', 350, '4');
insert into course values ('8100000', 'Political Science II', 'An intermediate course on political science', 'medium', 'active', 450, '4');
insert into course values ('8270000', 'Political Science III', 'A course on advanced political science', 'advanced', 'active', 500, '4');
insert into course values ('9000000', 'Economics I', 'An introductory course on economics', 'beginner', 'active', 350, '4');
insert into course values ('9100000', 'Economics II', 'An intermediate course on economics', 'medium', 'active', 450, '4');
insert into course values ('9200000', 'Economics III', 'A course on advanced economics', 'advanced', 'active', 500, '4');
insert into course values ('7700000', 'Business I', 'An introductory course on business', 'beginner', 'active', 350, '4');
insert into course values ('1110000', 'Business II', 'An intermediate course on business', 'medium', 'active', 450, '4');
insert into course values ('1120000', 'Business III', 'A course on advanced business', 'advanced', 'active', 500, '4');
insert into course values ('7770000', 'Graphic Design I', 'An introductory course on finance', 'beginner', 'active', 350, '4');
insert into course values ('1210000', 'Graphic Design II', 'An intermediate course on finance', 'medium', 'active', 450, '4');
insert into course values ('1220000', 'Graphic Design III', 'A course on advanced finance', 'advanced', 'active', 500, '4');


insert into format values ('1000000', 'Classroom', 'This course takes place in a classroom', null);
insert into format values ('2000000', 'Online', 'This is an online course', 50);
insert into format values ('3000000', 'With a cat', 'This course takes place with a cat', 75);
insert into format values ('4000000', 'Intensive Training', 'This is an accelerated course', 150);
insert into format values ('5000000', 'Retreat', 'This is a retreat', 100);
insert into format values ('6000000', 'Independent Study', 'The student works independently and submits work to a grader', 50);


insert into section values ('1000000','3200000','Fall','2012','1000000', '100');
insert into section values ('1100000','3300000','Fall','2012','2000000', '100');
insert into section values ('1200000','3310000','Fall','2012','3000000', '200');
insert into section values ('1300000','3320000','Spring','2012','4000000', '300');
insert into section values ('1310000','4000000','Spring','2010','5000000', '200');
insert into section values ('1320000','4100000','Spring','2011','6000000', '100');
insert into section values ('2000000','4200000','Spring','2014','1000000', '400');
insert into section values ('2100000','4010000','Spring','2012','2000000', '300');
insert into section values ('2200000','4020000','Fall','2013','3000000', '200');
insert into section values ('2300000','4300000','Fall','2010','4000000', '300');
insert into section values ('2010000','4310000','Fall','2011','5000000', '400');
insert into section values ('2020000','4320000','Fall','2012','6000000', '300');
insert into section values ('3000000','5000000','Fall','2013','1000000', '200');
insert into section values ('1170000','5100000','Fall','2012','2000000', '400');
insert into section values ('1270000','5200000','Fall','2013','3000000', '500');
insert into section values ('1370000','6000000','Fall','2012','4000000', '400');
insert into section values ('1380000','6100000','Fall','2013','5000000', '300');
insert into section values ('1327000','6310000','Spring','2011','6000000', '200');
insert into section values ('2700000','6320000','Spring','2012','1000000', '300');
insert into section values ('2177000','7300000','Spring','2011','2000000', '400');
insert into section values ('2270000','7310000','Spring','2010','3000000', '200');
insert into section values ('2367000','7320000','Spring','2011','4000000', '300');
insert into section values ('2910000','8000000','Spring','2012','5000000', '400');
insert into section values ('2134000','8100000','Spring','2010','6000000', '200');
insert into section values ('2209000','8200000','Spring','2012','1000000', '300');
insert into section values ('2305000','9000000','Spring','2013','2000000', '400');
insert into section values ('3104100', '8100000', 'Spring','2014','1000000','500');
insert into section values ('3207900', '1220000', 'Fall','2013','2000000','250');
insert into section values ('3300270', '5200000','Spring','2014','4000000','200');
insert into section values ('3310090', '7300000', 'Fall','1990','3000000','450');
insert into section values ('3320010', '4310000', 'Spring','2001','5000000','350');
insert into section values ('4000020', '6000000','Fall','1999','3000000','100');
insert into section values ('4100030','7320000', 'Summer','2012','3000000','500');
insert into section values ('4200040', '4000000', 'Spring','1993','5000000','500');
insert into section values ('4300050', '6310000', 'Spring','2014','1000000','200');
insert into section values ('4010060', '9100000', 'Fall','2014','4000000','400');
insert into section values ('4020060', '5200000', 'Summer','2014','2000000','500');
insert into section values ('4310060','8000000', 'Fall','2014','3000000','600');
insert into section values ('4320070', '1220000', 'Spring','2014', '6000000', '500');


insert into address values ('2747844', 'home', 'Peach Street', '70098', 'LA', 'New Orleans');
insert into address values ('8140643', 'home', 'Plum Street', '70058', 'LA', 'Harvey');
insert into address values ('8348800', 'home', 'Pear Street', '70031', 'LA', 'Marrerro');
insert into address values ('4312979', 'home', 'Apple Street', '70121', 'LA', 'Metarie');
insert into address values ('4388310', 'home', 'Orange Street', '70066', 'LA', 'Slidell');
insert into address values ('3539430', 'home', 'Maple Street', '70099', 'LA', 'Lafitte');
insert into address values ('1645264', 'home', 'Birch Street', '70063', 'LA', 'Gretna');
insert into address values ('7210039', 'home', 'Fir Street', '70022', 'LA', 'Kenner');
insert into address values ('1203816', 'home', 'Fig Street', '70034', 'LA', 'Algiers');
insert into address values ('2633301', 'home', 'Peach Street', '70098', 'LA', 'New Orleans');
insert into address values ('6261172', 'home', 'Plum Street', '70058', 'LA', 'Harvey');
insert into address values ('7913869', 'home', 'Pear Street', '70031', 'LA', 'Marrerro');
insert into address values ('9848546', 'home', 'Apple Street', '70121', 'LA', 'Metarie');
insert into address values ('8594191', 'home', 'Orange Street', '70066', 'LA', 'Slidell');
insert into address values ('4343111', 'home', 'Maple Street', '70099', 'LA', 'Lafitte');
insert into address values ('8254925', 'home', 'Birch Street', '70063', 'LA', 'Gretna');
insert into address values ('6158758', 'home', 'Fir Street', '70022', 'LA', 'Kenner');
insert into address values ('4592985', 'home', 'Fig Street', '70034', 'LA', 'Algiers');
insert into address values ('8648240', 'commercial', 'Peach Street', '70098', 'LA', 'New Orleans');
insert into address values ('9388550', 'commercial', 'Plum Street', '70058', 'LA', 'Harvey');
insert into address values ('2792139', 'commercial', 'Pear Street', '70031', 'LA', 'Marrerro');
insert into address values ('2613446', 'commercial', 'Apple Street', '70121', 'LA', 'Metarie');
insert into address values ('9438497', 'commercial', 'Orange Street', '70066', 'LA', 'Slidell');
insert into address values ('4207725', 'commercial', 'Maple Street', '70099', 'LA', 'Lafitte');
insert into address values ('2866266', 'commercial', 'Birch Street', '70063', 'LA', 'Gretna');
insert into address values ('8385614', 'commercial', 'Fir Street', '70022', 'LA', 'Kenner');
insert into address values ('1272127', 'commercial', 'Fig Street', '70034', 'LA', 'Algiers');


insert into phone_num values ('8008008', 'commercial', '5041233321');
insert into phone_num values ('8888888', 'commercial', '5042933321');
insert into phone_num values ('0910101', 'commercial', '5042238942');
insert into phone_num values ('0876521', 'commercial', '5049858675');
insert into phone_num values ('0463521', 'commercial', '5048372218');
insert into phone_num values ('1272127', 'commercial', '5043829382');
insert into phone_num values ('7846535', 'home', '5049157242');
insert into phone_num values ('7654321', 'home', '5049257242');
insert into phone_num values ('9765201', 'home', '5049357242');
insert into phone_num values ('8764535', 'home', '5049457242');
insert into phone_num values ('0976211', 'home', '5049557242');
insert into phone_num values ('1020304', 'home', '5049657242');
insert into phone_num values ('6341654', 'home', '5049757242');
insert into phone_num values ('2711645', 'home', '5049957242');
insert into phone_num values ('9042318', 'home', '5049857241');
insert into phone_num values ('2056516', 'home', '5049857243');
insert into phone_num values ('7051901', 'home', '5049857244');
insert into phone_num values ('3011508', 'home', '5049857245');
insert into phone_num values ('7753433', 'home', '5049857246');
insert into phone_num values ('9561864', 'home', '5049857247');
insert into phone_num values ('8098634', 'home', '5049857248');
insert into phone_num values ('4333248', 'home', '5049857249');
insert into phone_num values ('9664823', 'home', '5049857212');
insert into phone_num values ('6510136', 'home', '5049857222');
insert into phone_num values ('8877328', 'home', '5049857232');
insert into phone_num values ('7570555', 'home', '5049857333');
insert into phone_num values ('1618576', 'home', '5049857444');
insert into phone_num values ('1248605', 'home', '5049857342');
insert into phone_num values ('5854255', 'home', '5049857442');
insert into phone_num values ('3482373', 'home', '5049857542');
insert into phone_num values ('1809383', 'home', '5049857642');
insert into phone_num values ('3969507', 'home', '5049857742');
insert into phone_num values ('7097613', 'home', '5049857842');
insert into phone_num values ('6425296', 'home', '5049817942');
insert into phone_num values ('2222222', 'home', '5043333333');


insert into company values('1001001', 'Entergy', 'www.entergy.com', '2613446', '8008008');
insert into company values('4004004', 'Deveny Communications', 'www.deveny.com', '9438497', '8888888');
insert into company values('6006700', 'Generic Office Suites', 'www.ges.com', '4207725', '0910101');
insert into company values('8008600', 'Baker Securities', 'www.bs.com', null, null);
insert into company values('7456309', 'SRA', 'www.sra.com', '8385614', '0463521');
insert into company values('0937492', 'The New York Times', 'www.nytimes.com', '1272127', '8888888');


insert into person values ('1018256', 'Clinton', 'Hillary', 'female', 'hclinton@uno.edu', '9388550', '2222222');
insert into person values ('1046773', 'Windsor', 'Elizabeth', 'female', 'ewindsor@uno.edu', '8648240', '7654321');
insert into person values ('1046823', 'Taylor', 'Frederick', 'male', 'ftaylor@uno.edu', '4592985', '7846535');
insert into person values ('1024701', 'Encinas', 'Juan', 'male', 'jencinas@uno.edu', '6158758', '9765201');
insert into person values ('1047996', 'Cox', 'James', 'male', 'jcox@uno.edu', '8254925', '8764535');
insert into person values ('1146769', 'Monsoon', 'Jinkx', 'female', 'aharris@uno.edu', '4343111', '0976211');
insert into person values ('1357909', 'Edwards', 'Peter', 'male', 'pedwards@uno.edu', '8594191', '1020304');
insert into person values ('1536512', 'Roby', 'James', 'male', 'jroby@uno.edu', '2747844', '6341654');
insert into person values ('2165778', 'Smith', 'Jane', 'female', 'smith2@uno.edu', '8140643', '2711645');
insert into person values ('4676745', 'Booth', 'Terri', 'female', 'tbooth@uno.edu', '8348800', '9042318');
insert into person values ('3767726', 'Aliya', 'Noor', 'female', 'bsanta@uno.edu', '4312979', '2056516');
insert into person values ('2355612', 'Coor', 'Sal', 'male', 'scoor@uno.edu', '4388310', '7051901');
insert into person values ('3556834', 'Lasa', 'Sarah', 'female', 'slasa@uno.edu', '3539430', '3011508');
insert into person values ('9574856', 'OShields', 'Jayce', 'male', 'joshields@email.com', '1645264', '7753433');
insert into person values ('1003232', 'Smith', 'Jack', 'male', 'jsmith@example.com', '1203816', '8098634');
insert into person values ('1004135', 'Booth', 'Emiliee', 'female', 'ebooth@hotmail.com', '2633301', '4333248');
insert into person values ('1005841', 'Uecker', 'Laura', 'female', 'luecker@hotmail.com', '6261172', '9664823');
insert into person values ('1006907', 'Miles', 'Greg', 'male', 'gmiles@example.com', '7913869', '6510136');
insert into person values ('1007234', 'Rorty', 'Richard', 'male', 'rrorty@gmail.com', '9848546', '8877328');
insert into person values ('1008087', 'Christ', 'Jesus', 'male', 'jchrist@gmail.com', '8594191', '7570555');
insert into person values ('1009451', 'Sondheim', 'Stephen', 'male', 'ssondheim@email.com', '4343111', '1618576');
insert into person values ('1010120', 'Roosevelt', 'Theodore', 'male', 'troosevelt@email.com', '8254925', '1248605');
insert into person values ('1011084', 'Curry', 'Marie', 'female', 'mcurrie@gmail.com', '6158758', '5854255');
insert into person values ('1012765', 'Noël', 'Carroll', 'female', 'ncarroll@yahoo.com', '2747844', '3482373');
insert into person values ('1013098', 'Arendt', 'Hannah', 'femail',  'harendt@gmail.com', '8140643', '1809383');
insert into person values ('1014890', 'Young', 'Iris','female',  'iyoung@yahoo.com', '8348800', '3969507');
insert into person values ('1015076', 'DeLaCreme', 'Ben', 'female', 'mminow@email.com', '4312979', '7097613');
insert into person values ('1017145', 'Obama', 'Michelle', 'female', 'mobama@gmail.com', '7210039', '6425296');


insert into job_profile values ('100', 'Administrative Assistant 1', 'This is an entry level secretarial position.');
insert into job_profile values ('101', 'Administrative Assistant 2', 'This is a professional secretarial position');
insert into job_profile values ('200', 'Editor', 'This is an editor position.');
insert into job_profile values ('300', 'Public Policy Assistant', 'This is a public policy position.');
insert into job_profile values ('301', 'Public Policy Coordinator', 'This is a more advanced pp position.');
insert into job_profile values ('302', 'Public Policy Director', 'This is a senior pp position.');
insert into job_profile values ('310', 'Programmer', 'This is a programmer position.');
insert into job_profile values ('311', 'Senior Programmer', 'This is a senior programmer position.');
insert into job_profile values ('320', 'Photographer', 'This is a photographer position.');
insert into job_profile values ('500', 'Engineer 1', 'This is a low level engineer position.');
insert into job_profile values ('501', 'Engineer 2', 'This is a senior engineer position.');
insert into job_profile values ('600', 'Marketer 1', 'Entry level marketing position.');
insert into job_profile values ('700', 'Sales 1', 'Entry level sales position.');
insert into job_profile values ('701', 'Sales 2', 'Mid level sales position.');
insert into job_profile values ('666', 'Impossible', 'Impossible');


insert into job values('1001001', 'This is an assistant position', '1500', 'salary', '1001001', '100', TO_DATE('2014-11-11', 'yyyy-mm-dd'), null );
insert into job values('1001002', 'This is an assistant position', '10', 'wages', '4004004', '100', TO_DATE('2014-11-11', 'yyyy-mm-dd'), null );
insert into job values('2001001', 'This is a senior assistant position', '1800', 'salary', '4004004', '101', TO_DATE('2014-11-11', 'yyyy-mm-dd'), null);
insert into job values('2001002', 'This is a senior assistant position', '15', 'wages', '8008600', '101', TO_DATE('2014-11-11', 'yyyy-mm-dd'), null);
insert into job values('3001001', 'This is an editor position', '4000', 'salary', '8008600', '101', TO_DATE('2014-11-11', 'yyyy-mm-dd'), null);
insert into job values('3001002', 'This is an editor position', '4200', 'salary', '6006700', '200', TO_DATE('2014-11-11', 'yyyy-mm-dd'), null);
insert into job values('4001001', 'This is a PP position', '11', 'wages', '6006700', '300', TO_DATE('2014-11-11', 'yyyy-mm-dd'), null);
insert into job values('4001002', 'This is a PP position', '1300', 'salary', '8008600', '300', TO_DATE('2014-11-11', 'yyyy-mm-dd'), null);
insert into job values('4001003', 'This is a PP position', '12', 'wages', '1001001', '300', TO_DATE('2014-11-11', 'yyyy-mm-dd'), null);
insert into job values('5001001', 'This is an advanced PP position', '4000', 'salary', '7456309', '301', TO_DATE('2014-11-11', 'yyyy-mm-dd'), null);
insert into job values('6001001', 'This is a senior PP position', '6000', 'salary', '7456309', '302', TO_DATE('2014-11-11', 'yyyy-mm-dd'), null);
insert into job values('6001002', 'This is a senior PP position', '6500', 'salary', '7456309', '302', TO_DATE('2014-11-11', 'yyyy-mm-dd'), null);
insert into job values('7001001', 'This is a programmer position', '16', 'wages', '7456309', '310', TO_DATE('2014-11-11', 'yyyy-mm-dd'), null);
insert into job values('7001002', 'This is a programmer position', '15', 'wages', '4004004', '310', TO_DATE('2014-11-11', 'yyyy-mm-dd'), null);
insert into job values('7001003', 'This is a programmer position', '2900', 'salary', '6006700', '310', TO_DATE('2014-11-11', 'yyyy-mm-dd'), null);
insert into job values('7001004', 'This is a programmer position', '2700', 'salary', '8008600', '310', TO_DATE('2014-11-11', 'yyyy-mm-dd'), null);
insert into job values('8001001', 'This is a senior programmer position', '30', 'wages', '7456309', '311', TO_DATE('2014-11-11', 'yyyy-mm-dd'), null);
insert into job values('8001002', 'This is a senior programmer position', '8000', 'salary', '7456309', '311', TO_DATE('2014-11-11', 'yyyy-mm-dd'), null);
insert into job values('9001001', 'This is a photographer position', '18', 'wages', '4004004', '320', TO_DATE('2014-11-11', 'yyyy-mm-dd'), null);
insert into job values('9001002', 'This is a photographer position', '15', 'wages', '4004004', '320', TO_DATE('2014-11-11', 'yyyy-mm-dd'), null);
insert into job values('1101001', 'This is a basic engineer position', '5000', 'salary', '1001001', '500', TO_DATE('2014-11-11', 'yyyy-mm-dd'), null);
insert into job values('1101002', 'This is a basic engineer position', '5100', 'salary', '7456309', '500', TO_DATE('2014-11-11', 'yyyy-mm-dd'), null);
insert into job values('1201001', 'This is a senior engineer position', '7500', 'salary', '1001001', '501', TO_DATE('2014-11-11', 'yyyy-mm-dd'), null);
insert into job values('1201002', 'This is a senior engineer position', '7600', 'salary', '1001001', '501', TO_DATE('2014-11-11', 'yyyy-mm-dd'), null);
insert into job values('2101001', 'This is an entry level marketing job', '12', 'wages', '8008600', '600', TO_DATE('2014-11-11', 'yyyy-mm-dd'), null);
insert into job values('2101002', 'This is an entry level marketing job', '1600', 'salary', '8008600', '600', TO_DATE('2014-11-11', 'yyyy-mm-dd'), null);
insert into job values('3101001', 'This is an entry level sales job', '12', 'wages', '6006700', '700', TO_DATE('2014-11-11', 'yyyy-mm-dd'), null);
insert into job values('3101002', 'This is an entry level sales job', '14', 'wages', '6006700', '700', TO_DATE('2014-11-11', 'yyyy-mm-dd'), null);
insert into job values('3101003', 'This is an entry level sales job', '1400', 'salary', '7456309', '700', TO_DATE('2014-11-11', 'yyyy-mm-dd'), null);
insert into job values('3201001', 'This is an advanced sales job', '18', 'wages', '6006700', '701', TO_DATE('2014-11-11', 'yyyy-mm-dd'), null);
insert into job values('3201002', 'This is an advanced sales job', '2000', 'salary', '4004004', '701', TO_DATE('2014-11-11', 'yyyy-mm-dd'), null);
insert into job values('3201003', 'This is an advanced sales job', '2100', 'salary', '8008600', '701', TO_DATE('2014-11-11', 'yyyy-mm-dd'), null);
insert into job values('9876543', 'This is an impossible job', '9999', 'salary', '7456309', '666', null, null);
insert into job values('1001007', 'This is an assistant position', '1500', 'salary', '1001001', '100', TO_DATE('2014-11-11', 'yyyy-mm-dd'), TO_DATE('2014-12-31', 'yyyy-mm-dd'));
insert into job values('1001008', 'This is an assistant position', '10', 'wages', '4004004', '100', TO_DATE('2014-11-11', 'yyyy-mm-dd'), TO_DATE('2014-12-31', 'yyyy-mm-dd'));
insert into job values('2001007', 'This is a senior assistant position', '1800', 'salary', '4004004', '101', TO_DATE('2014-11-11', 'yyyy-mm-dd'),TO_DATE('2014-11-15', 'yyyy-mm-dd'));
insert into job values('2001008', 'This is a senior assistant position', '15', 'wages', '8008600', '101', TO_DATE('2014-11-11', 'yyyy-mm-dd'), TO_DATE('2014-11-15', 'yyyy-mm-dd'));
insert into job values('3001007', 'This is an editor position', '4000', 'salary', '6006700', '200', TO_DATE('2014-11-11', 'yyyy-mm-dd'), TO_DATE('2014-12-31', 'yyyy-mm-dd'));
insert into job values('3001008', 'This is an editor position', '4200', 'salary', '6006700', '200', TO_DATE('2014-11-11', 'yyyy-mm-dd'), TO_DATE('2014-12-31', 'yyyy-mm-dd'));
insert into job values('4001007', 'This is a PP position', '11', 'wages', '6006700', '300', TO_DATE('2014-11-11', 'yyyy-mm-dd'), TO_DATE('2014-11-15', 'yyyy-mm-dd'));
insert into job values('4001008', 'This is a PP position', '1300', 'salary', '8008600', '300', TO_DATE('2014-11-11', 'yyyy-mm-dd'), TO_DATE('2014-11-15', 'yyyy-mm-dd'));
insert into job values('4001009', 'This is a PP position', '12', 'wages', '1001001', '300', TO_DATE('2014-11-11', 'yyyy-mm-dd'), TO_DATE('2014-12-31', 'yyyy-mm-dd'));
insert into job values('5001007', 'This is an advanced PP position', '4000', 'salary', '7456309', '301', TO_DATE('2014-11-11', 'yyyy-mm-dd'), TO_DATE('2014-11-15', 'yyyy-mm-dd'));
insert into job values('6001007', 'This is a senior PP position', '6000', 'salary', '7456309', '302', TO_DATE('2014-11-11', 'yyyy-mm-dd'), TO_DATE('2014-12-31', 'yyyy-mm-dd'));
insert into job values('6001008', 'This is a senior PP position', '6500', 'salary', '7456309', '302', TO_DATE('2014-11-11', 'yyyy-mm-dd'), TO_DATE('2014-11-15', 'yyyy-mm-dd'));
insert into job values('7001007', 'This is a programmer position', '16', 'wages', '7456309', '310', TO_DATE('2014-11-11', 'yyyy-mm-dd'), TO_DATE('2014-11-15', 'yyyy-mm-dd'));
insert into job values('7001008', 'This is a programmer position', '15', 'wages', '4004004', '310', TO_DATE('2014-11-11', 'yyyy-mm-dd'), TO_DATE('2014-11-15', 'yyyy-mm-dd'));
insert into job values('7001009', 'This is a programmer position', '2900', 'salary', '6006700', '310', TO_DATE('2014-11-11', 'yyyy-mm-dd'), TO_DATE('2014-11-15', 'yyyy-mm-dd'));
insert into job values('7001005', 'This is a programmer position', '2700', 'salary', '8008600', '310', TO_DATE('2014-11-11', 'yyyy-mm-dd'), TO_DATE('2014-11-15', 'yyyy-mm-dd'));
insert into job values('8001007', 'This is a senior programmer position', '30', 'wages', '7456309', '311', TO_DATE('2014-11-11', 'yyyy-mm-dd'), TO_DATE('2014-11-15', 'yyyy-mm-dd'));
insert into job values('8001008', 'This is a senior programmer position', '8000', 'salary', '7456309', '311', TO_DATE('2014-11-11', 'yyyy-mm-dd'), TO_DATE('2014-12-31', 'yyyy-mm-dd'));
insert into job values('9001007', 'This is a photographer position', '18', 'wages', '4004004', '320', TO_DATE('2014-11-11', 'yyyy-mm-dd'), TO_DATE('2014-12-31', 'yyyy-mm-dd'));
insert into job values('9001008', 'This is a photographer position', '15', 'wages', '4004004', '320', TO_DATE('2014-11-11', 'yyyy-mm-dd'), TO_DATE('2014-11-15', 'yyyy-mm-dd'));
insert into job values('1101007', 'This is a basic engineer position', '5000', 'salary', '1001001', '500', TO_DATE('2014-11-11', 'yyyy-mm-dd'), TO_DATE('2014-11-15', 'yyyy-mm-dd'));
insert into job values('1101008', 'This is a basic engineer position', '5100', 'salary', '7456309', '500', TO_DATE('2014-11-11', 'yyyy-mm-dd'), TO_DATE('2014-11-15', 'yyyy-mm-dd'));
insert into job values('1201007', 'This is a senior engineer position', '7500', 'salary', '1001001', '501', TO_DATE('2014-11-11', 'yyyy-mm-dd'), TO_DATE('2014-11-15', 'yyyy-mm-dd'));
insert into job values('1201008', 'This is a senior engineer position', '7600', 'salary', '1001001', '501', TO_DATE('2014-11-11', 'yyyy-mm-dd'), TO_DATE('2014-12-31', 'yyyy-mm-dd'));
insert into job values('2101007', 'This is an entry level marketing job', '12', 'wages', '8008600', '600', TO_DATE('2014-11-11', 'yyyy-mm-dd'), TO_DATE('2014-12-31', 'yyyy-mm-dd'));
insert into job values('2101008', 'This is an entry level marketing job', '1600', 'salary', '8008600', '600', TO_DATE('2014-11-11', 'yyyy-mm-dd'), TO_DATE('2014-11-15', 'yyyy-mm-dd'));
insert into job values('3101007', 'This is an entry level sales job', '12', 'wages', '6006700', '700', TO_DATE('2014-11-11', 'yyyy-mm-dd'), TO_DATE('2014-11-15', 'yyyy-mm-dd'));
insert into job values('3101008', 'This is an entry level sales job', '14', 'wages', '6006700', '700', TO_DATE('2014-11-11', 'yyyy-mm-dd'), TO_DATE('2014-11-15', 'yyyy-mm-dd'));
insert into job values('3101009', 'This is an entry level sales job', '1400', 'salary', '7456309', '700', TO_DATE('2014-11-11', 'yyyy-mm-dd'), TO_DATE('2014-12-31', 'yyyy-mm-dd'));
insert into job values('3201007', 'This is an advanced sales job', '18', 'wages', '6006700', '701', TO_DATE('2014-11-11', 'yyyy-mm-dd'), TO_DATE('2014-11-15', 'yyyy-mm-dd'));
insert into job values('3201008', 'This is an advanced sales job', '2000', 'salary', '4004004', '701', TO_DATE('2014-11-11', 'yyyy-mm-dd'), TO_DATE('2014-11-15', 'yyyy-mm-dd') );
insert into job values('3201009', 'This is an advanced sales job', '2100', 'salary', '8008600', '701', TO_DATE('2013-11-11', 'yyyy-mm-dd'), TO_DATE('2014-12-31', 'yyyy-mm-dd'));


insert into person_ks values ('1018256', '1000000');
insert into person_ks values ('1046773', '1200000');
insert into person_ks values ('1046823', '1310000');
insert into person_ks values ('1024701', '1320000');
insert into person_ks values ('1047996', '2000000');
insert into person_ks values ('1146769', '2100000');
insert into person_ks values ('1357909', '2200000');
insert into person_ks values ('1536512', '3000000');
insert into person_ks values ('2165778', '4110000');
insert into person_ks values ('4676745', '4200000');
insert into person_ks values ('3767726', '3310000');
insert into person_ks values ('2355612', '4210000');
insert into person_ks values ('3556834', '4100000');
insert into person_ks values ('9574856', '4300000');
insert into person_ks values ('1003232', '5000000');
insert into person_ks values ('1004135', '5100000');
insert into person_ks values ('1005841', '6000000');
insert into person_ks values ('1006907', '6100000');
insert into person_ks values ('1007234', '6200000');
insert into person_ks values ('1008087', '7300000');
insert into person_ks values ('1009451', '7310000');
insert into person_ks values ('1010120', '8000000');
insert into person_ks values ('1011084', '8100000');
insert into person_ks values ('1012765', '8270000');
insert into person_ks values ('1013098', '9000000');
insert into person_ks values ('1014890', '9100000');
insert into person_ks values ('1015076', '9200000');
insert into person_ks values ('1017145', '1110000');
insert into person_ks values ('1018256', '1120000');
insert into person_ks values ('1046773', '1120000');
insert into person_ks values ('1046823', '1220000');
insert into person_ks values ('1024701', '1210000');
insert into person_ks values ('1047996', '1120000');
insert into person_ks values ('1146769', '1110000');
insert into person_ks values ('1357909', '9200000');
insert into person_ks values ('1536512', '9100000');
insert into person_ks values ('2165778', '9000000');
insert into person_ks values ('4676745', '8270000');
insert into person_ks values ('3767726', '8100000');
insert into person_ks values ('2355612', '8000000');
insert into person_ks values ('3556834', '7320000');
insert into person_ks values ('9574856', '7310000');
insert into person_ks values ('1003232', '6200000');
insert into person_ks values ('1004135', '6100000');
insert into person_ks values ('1006907', '6000000');
insert into person_ks values ('1007234', '5100000');
insert into person_ks values ('1008087', '5000000');
insert into person_ks values ('1009451', '4310000');
insert into person_ks values ('1010120', '4300000');
insert into person_ks values ('1011084', '4210000');
insert into person_ks values ('1012765', '4200000');
insert into person_ks values ('1013098', '4110000');
insert into person_ks values ('1014890', '4100000');
insert into person_ks values ('1015076', '3200000');
insert into person_ks values ('1017145', '3000000');
insert into person_ks values ('1018256', '8000000');
insert into person_ks values ('1046773', '8100000');
insert into person_ks values ('1046823', '8100000');
insert into person_ks values ('1024701', '9000000');
insert into person_ks values ('1047996', '9100000');
insert into person_ks values ('1146769', '9200000');
insert into person_ks values ('1357909', '1100000');
insert into person_ks values ('1536512', '1110000');
insert into person_ks values ('2165778', '1120000');
insert into person_ks values ('4676745', '1200000');
insert into person_ks values ('3767726', '1210000');
insert into person_ks values ('2355612', '1220000');
insert into person_ks values ('1005841', '5000000');
insert into person_ks values ('1006907', '6200000');
insert into person_ks values ('1007234', '6100000');
insert into person_ks values ('1008087', '6000000');
insert into person_ks values ('1010120', '4110000');
insert into person_ks values ('1011084', '4200000');
insert into person_ks values ('1012765', '4300000');
insert into person_ks values ('1013098', '5000000');
insert into person_ks values ('1014890', '5100000');
insert into person_ks values ('1017145', '4300000');
insert into person_ks values ('1005841', '7320000');
insert into person_ks values ('1005841', '7310000');
insert into person_ks values ('1006907', '7320000');
insert into person_ks values ('1017145', '7310000');
insert into person_ks values ('1014890', '7310000');
insert into person_ks values ('1005841', '3310000');
insert into person_ks values ('1005841', '3300000');


insert into specialty values('s01', 'Engineering');
insert into specialty values('s02', 'Advertising');
insert into specialty values('s03', 'Office-Stuff');
insert into specialty values('s04', 'Business Consulting');
insert into specialty values('s05', 'Computer Software');
insert into specialty values('s06', 'News Reporting');


insert into company_specialty values('s01', '1001001');
insert into company_specialty values('s02', '4004004');
insert into company_specialty values('s03', '6006700');
insert into company_specialty values('s04', '8008600');
insert into company_specialty values('s05', '7456309');
insert into company_specialty values('s06', '7456309');
 

insert into employment values ('1018256', TO_DATE('2014-11-11', 'yyyy-mm-dd'), null, '1001001');
insert into employment values ('1046773', TO_DATE('2013-10-21', 'yyyy-mm-dd'), null, '1001001');
insert into employment values ('1046823', TO_DATE('2011-09-02', 'yyyy-mm-dd'), null, '2001001');
insert into employment values ('1024701', TO_DATE('2008-03-04', 'yyyy-mm-dd'), null, '3001001');
insert into employment values ('1047996', TO_DATE('2014-11-11', 'yyyy-mm-dd'), null, '4001001');
insert into employment values ('1146769', TO_DATE('2014-11-11', 'yyyy-mm-dd'), null, '4001002');
insert into employment values ('1357909', TO_DATE('2014-11-11', 'yyyy-mm-dd'), null, '4001003');
insert into employment values ('1536512', TO_DATE('2014-11-11', 'yyyy-mm-dd'), null, '5001001');
insert into employment values ('2165778', TO_DATE('2014-11-11', 'yyyy-mm-dd'), null, '6001001');
insert into employment values ('4676745', TO_DATE('2012-02-02', 'yyyy-mm-dd'), null, '6001002');
insert into employment values ('3767726', TO_DATE('2012-02-11', 'yyyy-mm-dd'), null, '7001001');
insert into employment values ('2355612', TO_DATE('2012-03-04', 'yyyy-mm-dd'), null, '7001003');
insert into employment values ('3556834', TO_DATE('2009-01-11', 'yyyy-mm-dd'), null, '7001004');
insert into employment values ('9574856', TO_DATE('1999-07-07', 'yyyy-mm-dd'), null, '7001002');
insert into employment values ('1003232', TO_DATE('1999-08-15', 'yyyy-mm-dd'), null, '8001001');
insert into employment values ('1004135', TO_DATE('1999-10-10', 'yyyy-mm-dd'), null, '8001002');
insert into employment values ('1005841', TO_DATE('2013-12-22', 'yyyy-mm-dd'), TO_DATE('2012-08-14', 'yyyy-mm-dd'), '9001001');
insert into employment values ('1006907', TO_DATE('2013-12-22', 'yyyy-mm-dd'), TO_DATE('2012-08-14', 'yyyy-mm-dd'), '9001002');
insert into employment values ('1007234', TO_DATE('2012-06-16', 'yyyy-mm-dd'), TO_DATE('2012-08-14', 'yyyy-mm-dd'), '1101001');
insert into employment values ('1008087', TO_DATE('2011-06-03', 'yyyy-mm-dd'), TO_DATE('2012-08-14', 'yyyy-mm-dd'), '1201001');
insert into employment values ('1009451', TO_DATE('2011-11-23', 'yyyy-mm-dd'), TO_DATE('2012-08-14', 'yyyy-mm-dd'), '1201002');
insert into employment values ('1010120', TO_DATE('2011-11-23', 'yyyy-mm-dd'), TO_DATE('2012-08-14', 'yyyy-mm-dd'), '2101001');
insert into employment values ('1011084', TO_DATE('1995-05-16', 'yyyy-mm-dd'), TO_DATE('2012-08-14', 'yyyy-mm-dd'), '3101001');
insert into employment values ('1012765', TO_DATE('1996-07-25', 'yyyy-mm-dd'), TO_DATE('2012-08-14', 'yyyy-mm-dd'), '3101002');
insert into employment values ('1013098', TO_DATE('1997-10-25', 'yyyy-mm-dd'), TO_DATE('2012-08-14', 'yyyy-mm-dd'), '3101003');
insert into employment values ('1014890', TO_DATE('2000-01-29', 'yyyy-mm-dd'), TO_DATE('2012-08-14', 'yyyy-mm-dd'), '3201001');
insert into employment values ('1015076', TO_DATE('2001-09-18', 'yyyy-mm-dd'), TO_DATE('2012-08-14', 'yyyy-mm-dd'), '3201002');
insert into employment values ('1017145', TO_DATE('2002-06-14', 'yyyy-mm-dd'), TO_DATE('2012-08-14', 'yyyy-mm-dd'), '3201003');


insert into job_skill values ('1001001', '1000000');
insert into job_skill values ('1001002', '1100000');
insert into job_skill values ('2001002', '1200000');
insert into job_skill values ('3001002', '2200000');
insert into job_skill values ('4001001', '3000000');
insert into job_skill values ('4001002', '3200000');
insert into job_skill values ('4001003', '3000000');
insert into job_skill values ('5001001', '3300000');
insert into job_skill values ('6001001', '3300000');
insert into job_skill values ('6001002', '3300000');
insert into job_skill values ('7001001', '3000000');
insert into job_skill values ('7001002', '3200000');
insert into job_skill values ('7001003', '3000000');
insert into job_skill values ('7001004', '3200000');
insert into job_skill values ('8001001', '3300000');
insert into job_skill values ('8001002', '3300000');
insert into job_skill values ('9001001', '4100000');
insert into job_skill values ('1101001', '5100000');
insert into job_skill values ('1101002', '5100000');
insert into job_skill values ('1201001', '5100000');
insert into job_skill values ('2101001', '6000000');
insert into job_skill values ('3101001', '1100000');
insert into job_skill values ('3101002', '1100000');
insert into job_skill values ('3101003', '1110000');


insert into course_skill values ('1000000', '1000000');
insert into course_skill values ('1100000', '1100000');
insert into course_skill values ('1200000', '1200000');
insert into course_skill values ('1300000', '1320000');
insert into course_skill values ('1310000', '1300000');
insert into course_skill values ('1320000', '1100000');
insert into course_skill values ('2000000', '3000000');
insert into course_skill values ('2100000', '5000000');
insert into course_skill values ('2200000', '3000000');
insert into course_skill values ('2300000', '3310000');
insert into course_skill values ('8200000', '3300000');
insert into course_skill values ('2010000', '2100000');
insert into course_skill values ('2020000', '2100000');
insert into course_skill values ('3000000', '2100000');
insert into course_skill values ('3100000', '2200000');
insert into course_skill values ('3200000', '2200000');
insert into course_skill values ('3300000', '1300000');
insert into course_skill values ('3310000', '1100000');
insert into course_skill values ('3320000', '1310000');
insert into course_skill values ('4000000', '4100000');
insert into course_skill values ('4100000', '4200000');
insert into course_skill values ('4200000', '4200000');
insert into course_skill values ('4010000', '4110000');
insert into course_skill values ('4020000', '4210000');
insert into course_skill values ('4300000', '4300000');
insert into course_skill values ('4310000', '4310000');
insert into course_skill values ('4320000', '4200000');
insert into course_skill values ('5000000', '7320000');
insert into course_skill values ('5100000', '7310000');
insert into course_skill values ('5200000', '7300000');
insert into course_skill values ('6000000', '6000000');
insert into course_skill values ('6100000', '6100000');
insert into course_skill values ('6310000', '6200000');
insert into course_skill values ('6320000', '6200000');
insert into course_skill values ('7300000', '6100000');
insert into course_skill values ('7310000', '6100000');
insert into course_skill values ('7320000', '6200000');
insert into course_skill values ('8000000', '8000000');
insert into course_skill values ('8100000', '8100000');
insert into course_skill values ('8200000', '8270000');
insert into course_skill values ('9000000', '9000000');
insert into course_skill values ('9100000', '9100000');
insert into course_skill values ('9200000', '9200000');
insert into course_skill values ('1100000', '1110000');
insert into course_skill values ('1110000', '1110000');
insert into course_skill values ('1120000', '1120000');
insert into course_skill values ('1200000', '1220000');
insert into course_skill values ('1210000', '1210000');
insert into course_skill values ('1220000', '1220000');


insert into jp_skill values ('100', '1000000');
insert into jp_skill values ('101', '1100000');
insert into jp_skill values ('200', '1200000');
insert into jp_skill values ('300', '1300000');
insert into jp_skill values ('301', '1310000');
insert into jp_skill values ('302', '1320000');
insert into jp_skill values ('310', '2000000');
insert into jp_skill values ('311', '2100000');
insert into jp_skill values ('320', '2200000');
insert into jp_skill values ('500', '3000000');
insert into jp_skill values ('501', '3200000');
insert into jp_skill values ('600', '3300000');
insert into jp_skill values ('700', '3310000');
insert into jp_skill values ('701', '4100000');
insert into jp_skill values ('100', '4110000');
insert into jp_skill values ('101', '4200000');
insert into jp_skill values ('200', '4210000');
insert into jp_skill values ('300', '4300000');
insert into jp_skill values ('301', '4310000');
insert into jp_skill values ('302', '5000000');
insert into jp_skill values ('310', '5100000');
insert into jp_skill values ('311', '6000000');
insert into jp_skill values ('320', '6100000');
insert into jp_skill values ('500', '6200000');
insert into jp_skill values ('501', '7300000');
insert into jp_skill values ('600', '7310000');
insert into jp_skill values ('700', '7320000');
insert into jp_skill values ('701', '8000000');
insert into jp_skill values ('666', '6666666');